y_true,y_pred,y_prob,auc
0,0,0.40860727,0.7902199074074074
1,1,0.6337808,0.7902199074074074
1,1,0.58699083,0.7902199074074074
1,1,0.5856148,0.7902199074074074
1,1,0.58924925,0.7902199074074074
1,1,0.63784957,0.7902199074074074
1,1,0.6311216,0.7902199074074074
0,1,0.6279024,0.7902199074074074
1,1,0.6351104,0.7902199074074074
0,0,0.4167838,0.7902199074074074
1,1,0.60162145,0.7902199074074074
0,0,0.39452323,0.7902199074074074
0,0,0.41729966,0.7902199074074074
1,1,0.6104918,0.7902199074074074
0,0,0.39950827,0.7902199074074074
1,1,0.6478682,0.7902199074074074
0,0,0.39829674,0.7902199074074074
0,0,0.39693224,0.7902199074074074
0,0,0.4060341,0.7902199074074074
1,1,0.5595071,0.7902199074074074
0,0,0.3932428,0.7902199074074074
0,1,0.62479174,0.7902199074074074
0,0,0.40590447,0.7902199074074074
1,1,0.60997474,0.7902199074074074
1,1,0.56435883,0.7902199074074074
1,1,0.6504674,0.7902199074074074
0,0,0.39919972,0.7902199074074074
1,1,0.5819383,0.7902199074074074
1,1,0.6529799,0.7902199074074074
1,1,0.59922487,0.7902199074074074
1,1,0.60649496,0.7902199074074074
0,0,0.40562823,0.7902199074074074
0,0,0.3955202,0.7902199074074074
0,1,0.6267381,0.7902199074074074
1,1,0.5640487,0.7902199074074074
0,0,0.4027011,0.7902199074074074
1,1,0.6534544,0.7902199074074074
1,1,0.6221373,0.7902199074074074
1,1,0.5674544,0.7902199074074074
0,0,0.3892578,0.7902199074074074
1,1,0.65161484,0.7902199074074074
1,1,0.6355394,0.7902199074074074
1,1,0.59769255,0.7902199074074074
1,1,0.6227003,0.7902199074074074
1,1,0.5889625,0.7902199074074074
0,0,0.3947383,0.7902199074074074
1,1,0.5585955,0.7902199074074074
0,1,0.63716525,0.7902199074074074
1,1,0.5759792,0.7902199074074074
0,0,0.39657557,0.7902199074074074
0,0,0.40942252,0.7902199074074074
1,1,0.6447409,0.7902199074074074
1,1,0.5691114,0.7902199074074074
0,0,0.4197748,0.7902199074074074
1,1,0.63392925,0.7902199074074074
1,1,0.5603837,0.7902199074074074
0,1,0.61342806,0.7902199074074074
0,0,0.394683,0.7902199074074074
0,0,0.39027682,0.7902199074074074
0,0,0.40168482,0.7902199074074074
0,1,0.62796474,0.7902199074074074
1,1,0.60554636,0.7902199074074074
0,0,0.41392362,0.7902199074074074
1,1,0.62020135,0.7902199074074074
1,1,0.6005493,0.7902199074074074
0,0,0.42848498,0.7902199074074074
0,1,0.6458056,0.7902199074074074
0,1,0.6119714,0.7902199074074074
0,0,0.41213694,0.7902199074074074
1,1,0.58177316,0.7902199074074074
0,0,0.39543712,0.7902199074074074
0,1,0.6298206,0.7902199074074074
1,1,0.65061116,0.7902199074074074
1,1,0.5602271,0.7902199074074074
0,0,0.40254435,0.7902199074074074
1,1,0.58652776,0.7902199074074074
0,1,0.64088804,0.7902199074074074
1,1,0.5706888,0.7902199074074074
0,1,0.63424367,0.7902199074074074
1,1,0.56514937,0.7902199074074074
1,1,0.5742931,0.7902199074074074
0,0,0.38921613,0.7902199074074074
0,1,0.6241024,0.7902199074074074
1,1,0.60581183,0.7902199074074074
1,1,0.593574,0.7902199074074074
0,0,0.41130805,0.7902199074074074
0,1,0.63059384,0.7902199074074074
0,1,0.6128967,0.7902199074074074
1,1,0.57741284,0.7902199074074074
1,1,0.6133691,0.7902199074074074
0,0,0.42417303,0.7902199074074074
0,0,0.39855266,0.7902199074074074
0,1,0.60290956,0.7902199074074074
0,0,0.40439412,0.7902199074074074
0,1,0.6271858,0.7902199074074074
1,1,0.56325245,0.7902199074074074
1,1,0.60734516,0.7902199074074074
1,1,0.6246273,0.7902199074074074
1,1,0.62157965,0.7902199074074074
1,1,0.6268855,0.7902199074074074
1,1,0.59228957,0.7902199074074074
1,1,0.5946801,0.7902199074074074
0,0,0.27,0.7902199074074074
0,0,0.2701541,0.7902199074074074
1,1,0.6116457,0.7902199074074074
1,1,0.6217451,0.7902199074074074
1,1,0.5957181,0.7902199074074074
0,0,0.27012977,0.7902199074074074
1,1,0.595765,0.7902199074074074
0,0,0.27002525,0.7902199074074074
1,1,0.61092484,0.7902199074074074
0,0,0.26997185,0.7902199074074074
0,0,0.27011466,0.7902199074074074
0,0,0.27002433,0.7902199074074074
0,0,0.27010587,0.7902199074074074
0,0,0.27004558,0.7902199074074074
1,1,0.5947234,0.7902199074074074
1,1,0.5943034,0.7902199074074074
1,1,0.61474705,0.7902199074074074
1,1,0.6131873,0.7902199074074074
0,0,0.2700199,0.7902199074074074
1,1,0.593044,0.7902199074074074
1,1,0.61043406,0.7902199074074074
1,1,0.609609,0.7902199074074074
1,1,0.59469306,0.7902199074074074
0,0,0.2700447,0.7902199074074074
0,0,0.26998445,0.7902199074074074
0,0,0.2701497,0.7902199074074074
0,0,0.27008125,0.7902199074074074
1,1,0.626475,0.7902199074074074
0,0,0.27006453,0.7902199074074074
0,0,0.27005172,0.7902199074074074
1,1,0.59694207,0.7902199074074074
1,1,0.59248286,0.7902199074074074
1,1,0.6219816,0.7902199074074074
0,0,0.27001888,0.7902199074074074
0,0,0.2700211,0.7902199074074074
1,1,0.6094301,0.7902199074074074
1,1,0.59300333,0.7902199074074074
0,0,0.27006203,0.7902199074074074
0,0,0.27006683,0.7902199074074074
1,1,0.5933521,0.7902199074074074
1,1,0.62259996,0.7902199074074074
0,0,0.27003324,0.7902199074074074
1,1,0.628443,0.7902199074074074
1,1,0.6234318,0.7902199074074074
1,1,0.62801063,0.7902199074074074
1,1,0.5956329,0.7902199074074074
0,0,0.27004218,0.7902199074074074
0,0,0.27003863,0.7902199074074074
0,0,0.27008957,0.7902199074074074
0,0,0.27011287,0.7902199074074074
1,1,0.6126586,0.7902199074074074
1,1,0.59929323,0.7902199074074074
1,1,0.61050814,0.7902199074074074
1,1,0.6086995,0.7902199074074074
1,1,0.61021453,0.7902199074074074
1,1,0.5950851,0.7902199074074074
0,0,0.27008227,0.7902199074074074
1,1,0.6098025,0.7902199074074074
0,0,0.27004316,0.7902199074074074
0,0,0.27009866,0.7902199074074074
0,0,0.26996854,0.7902199074074074
1,1,0.6098011,0.7902199074074074
1,1,0.59431845,0.7902199074074074
0,0,0.27010736,0.7902199074074074
0,0,0.2699739,0.7902199074074074
0,0,0.270044,0.7902199074074074
0,0,0.27001047,0.7902199074074074
0,0,0.27004874,0.7902199074074074
0,0,0.2701451,0.7902199074074074
0,0,0.27002865,0.7902199074074074
1,1,0.6280361,0.7902199074074074
1,1,0.6082567,0.7902199074074074
0,0,0.27001125,0.7902199074074074
1,1,0.62860143,0.7902199074074074
0,0,0.2700274,0.7902199074074074
1,1,0.6252149,0.7902199074074074
1,1,0.62829334,0.7902199074074074
1,1,0.6085135,0.7902199074074074
0,0,0.2699939,0.7902199074074074
0,0,0.2700617,0.7902199074074074
0,0,0.2700399,0.7902199074074074
0,0,0.27007318,0.7902199074074074
0,0,0.27010095,0.7902199074074074
0,0,0.27001837,0.7902199074074074
0,0,0.2701696,0.7902199074074074
1,1,0.62381995,0.7902199074074074
0,0,0.2700541,0.7902199074074074
1,1,0.62297165,0.7902199074074074
0,0,0.27011198,0.7902199074074074
0,0,0.2699581,0.7902199074074074
1,0,0.45860273,0.7902199074074074
1,0,0.4979765,0.7902199074074074
0,1,0.509018,0.7902199074074074
1,0,0.47892684,0.7902199074074074
1,0,0.3829623,0.7902199074074074
0,0,0.47223085,0.7902199074074074
1,0,0.38855445,0.7902199074074074
1,0,0.49621883,0.7902199074074074
0,0,0.4807329,0.7902199074074074
1,0,0.41710776,0.7902199074074074
0,1,0.5037446,0.7902199074074074
0,0,0.4784899,0.7902199074074074
0,0,0.4948002,0.7902199074074074
1,0,0.3911464,0.7902199074074074
1,0,0.38689667,0.7902199074074074
1,0,0.4375789,0.7902199074074074
1,0,0.38772634,0.7902199074074074
1,1,0.5280402,0.7902199074074074
0,1,0.500503,0.7902199074074074
0,1,0.5206939,0.7902199074074074
1,0,0.38672283,0.7902199074074074
0,0,0.47441688,0.7902199074074074
1,1,0.5699846,0.7902199074074074
1,1,0.5173084,0.7902199074074074
1,0,0.3908172,0.7902199074074074
0,0,0.47029623,0.7902199074074074
0,0,0.48497656,0.7902199074074074
0,0,0.46951377,0.7902199074074074
0,0,0.48558703,0.7902199074074074
1,0,0.3886703,0.7902199074074074
1,0,0.40705684,0.7902199074074074
1,0,0.46774203,0.7902199074074074
1,0,0.4817923,0.7902199074074074
1,0,0.46537846,0.7902199074074074
0,1,0.50313085,0.7902199074074074
1,0,0.3820614,0.7902199074074074
0,1,0.5071184,0.7902199074074074
0,0,0.464527,0.7902199074074074
1,0,0.39272043,0.7902199074074074
1,0,0.40449208,0.7902199074074074
0,0,0.4622561,0.7902199074074074
0,1,0.5145957,0.7902199074074074
0,0,0.46270627,0.7902199074074074
1,0,0.3999306,0.7902199074074074
1,0,0.43726984,0.7902199074074074
0,0,0.4886566,0.7902199074074074
0,0,0.4875102,0.7902199074074074
0,1,0.5031043,0.7902199074074074
1,0,0.40496254,0.7902199074074074
0,0,0.47146946,0.7902199074074074
1,0,0.39841792,0.7902199074074074
0,0,0.49079826,0.7902199074074074
0,1,0.5074993,0.7902199074074074
1,0,0.46169573,0.7902199074074074
0,0,0.49248368,0.7902199074074074
1,0,0.48524335,0.7902199074074074
0,0,0.49672672,0.7902199074074074
1,0,0.39187306,0.7902199074074074
0,0,0.48083636,0.7902199074074074
0,1,0.52877206,0.7902199074074074
0,0,0.49676517,0.7902199074074074
0,0,0.46784383,0.7902199074074074
1,0,0.49344736,0.7902199074074074
0,0,0.47921216,0.7902199074074074
0,1,0.5200606,0.7902199074074074
0,0,0.4849012,0.7902199074074074
0,1,0.501772,0.7902199074074074
0,0,0.48389018,0.7902199074074074
1,0,0.49184474,0.7902199074074074
0,0,0.4869269,0.7902199074074074
0,0,0.49374095,0.7902199074074074
0,1,0.5026128,0.7902199074074074
0,1,0.512752,0.7902199074074074
1,0,0.4017001,0.7902199074074074
1,0,0.44966635,0.7902199074074074
0,1,0.5080536,0.7902199074074074
1,0,0.47720325,0.7902199074074074
1,0,0.38039884,0.7902199074074074
0,1,0.5193521,0.7902199074074074
1,0,0.4740613,0.7902199074074074
1,0,0.4343168,0.7902199074074074
1,0,0.40804726,0.7902199074074074
1,1,0.616793,0.7902199074074074
0,0,0.4906638,0.7902199074074074
1,1,0.53556836,0.7902199074074074
0,0,0.46931,0.7902199074074074
0,1,0.5096865,0.7902199074074074
1,0,0.4166265,0.7902199074074074
1,0,0.38026273,0.7902199074074074
0,1,0.5080389,0.7902199074074074
0,1,0.53063977,0.7902199074074074
1,1,0.505204,0.7902199074074074
1,0,0.45203787,0.7902199074074074
0,0,0.4961229,0.7902199074074074
1,0,0.39734256,0.7902199074074074
1,0,0.48560676,0.7902199074074074
