wavenumber,benign_mean,benign_std,malignant_mean,malignant_std
1799.2033185987298,-4.15496109191544e-06,5.542666358129913e-06,-3.2213502745242766e-06,1.046058263453119e-05
1797.2749120407464,-4.15496109191544e-06,5.542666358129913e-06,-3.2213502745242766e-06,1.046058263453119e-05
1795.346505482763,-4.15496109191544e-06,5.542666358129913e-06,-3.2213502745242766e-06,1.046058263453119e-05
1793.4180989247795,-4.15496109191544e-06,5.542666358129913e-06,-3.2213502745242766e-06,1.046058263453119e-05
1791.4896923667961,-4.15496109191544e-06,5.542666358129913e-06,-3.2213502745242766e-06,1.046058263453119e-05
1789.5612858088127,-4.15496109191544e-06,5.542666358129913e-06,-3.2213502745242766e-06,1.046058263453119e-05
1787.6328792508293,-4.154961091912162e-06,5.542666358129873e-06,-3.2213502745217503e-06,1.0460582634530906e-05
1785.704472692846,-1.7203524245815688e-05,1.2228615077891648e-05,-1.3773823184905046e-05,3.1162286515885e-05
1783.7760661348625,-3.320986899158068e-05,2.198895172956257e-05,-2.6202404843693753e-05,5.476172169679335e-05
1781.847659576879,-3.56104210091577e-05,2.387960575684936e-05,-2.780341309939788e-05,5.6221564353521166e-05
1779.9192530188957,-1.781724146895282e-05,1.3981772788936564e-05,-1.3610032331915918e-05,2.8138828555108824e-05
1777.9908464609123,8.713573484278682e-06,7.261997934525646e-06,7.596486594103445e-06,1.310817588477374e-05
1776.0624399029289,2.6655264408872233e-05,1.6322174411464143e-05,2.2252482091763492e-05,3.7855744181474875e-05
1774.1340333449455,3.2027084670373885e-05,1.9163665252165854e-05,2.7151091846021726e-05,4.283520092609272e-05
1772.205626786962,3.177488265496415e-05,1.848860157632729e-05,2.7940989202616412e-05,3.8029276709097616e-05
1770.2772202289786,3.0781759338631885e-05,1.8266101740948058e-05,2.8304059613698745e-05,3.2012155625455154e-05
1768.3488136709952,3.0245844945583924e-05,2.0080723927740312e-05,2.9286873488229908e-05,2.7175228771575038e-05
1766.4204071130118,2.8303135869927434e-05,2.3476966839024355e-05,2.971420155453235e-05,2.3562732103125985e-05
1764.4920005550284,1.808952653985308e-05,2.790426252836524e-05,2.4392803333714206e-05,2.5397901670663844e-05
1762.563593997045,3.1981146253673054e-07,3.874698809381353e-05,1.4864547088165747e-05,5.004430220028136e-05
1760.6351874390616,-8.728931852440302e-06,5.17440379549714e-05,1.4053692557442451e-05,7.30223268983649e-05
1758.7067808810782,4.101986040464046e-06,5.348178192117755e-05,2.8881308312100988e-05,6.790409066484937e-05
1756.7783743230948,2.411253433927329e-05,4.610173840758866e-05,4.553041752488482e-05,5.171003269886258e-05
1754.8499677651114,3.678480604359202e-05,3.546173952239284e-05,5.2457123131764444e-05,4.1730945316204054e-05
1752.921561207128,3.790174415765534e-05,2.5104546022662765e-05,4.695509048703597e-05,3.570780989690703e-05
1750.9931546491446,3.0865323194296985e-05,2.2979690980643774e-05,3.290638790387181e-05,3.0789048925518055e-05
1749.0647480911612,2.049166205962741e-05,3.378313033581179e-05,1.5004650426943485e-05,3.3612728545912505e-05
1747.1363415331778,3.1247550884660666e-06,4.735225108018232e-05,-8.786448522842761e-06,3.8823318429309245e-05
1745.2079349751943,-2.0075006238497793e-05,5.857250177012467e-05,-3.557130598903337e-05,4.341983069280339e-05
1743.279528417211,-3.5194770943771444e-05,6.635576423409976e-05,-5.325280787314026e-05,5.251696371153198e-05
1741.3511218592275,-4.128598407206914e-05,6.726443665447333e-05,-6.0427833593392605e-05,5.810557614850944e-05
1739.4227153012441,-3.9357092629987146e-05,5.9665107245659936e-05,-5.73351780069243e-05,5.643382335679397e-05
1737.4943087432607,-2.7754769045363628e-05,4.7154873684410866e-05,-4.413944085281918e-05,5.069357602795125e-05
1735.5659021852773,-1.1759044644273593e-05,3.6775320874517406e-05,-2.7849332531906823e-05,4.7924881036186705e-05
1733.637495627294,-2.7226380513398e-06,2.9050516054185256e-05,-1.7613802388352835e-05,4.304970844930625e-05
1731.7090890693105,-6.075279974312881e-06,2.123383025719451e-05,-1.7254550441220993e-05,2.9026343131768553e-05
1729.780682511327,-2.5410985168619435e-05,2.0595053923297524e-05,-2.9360081832123892e-05,3.400146110953063e-05
1727.8522759533437,-4.648133910743214e-05,3.380449837720422e-05,-4.249866840239969e-05,6.857394544957766e-05
1725.9238693953603,-4.570074783999596e-05,3.779418970053899e-05,-3.941406308195194e-05,7.463479410161541e-05
1723.9954628373769,-3.0509701395286366e-05,3.249290910845585e-05,-2.5506657398407314e-05,5.835008971601263e-05
1722.0670562793935,-6.297167110688061e-06,2.3690172333057857e-05,-4.408946315286646e-06,3.072959172596967e-05
1720.13864972141,2.386606083428746e-05,2.0681111155691077e-05,2.1092834010458958e-05,2.02563525150099e-05
1718.2102431634266,4.502506624837933e-05,2.6104259567473444e-05,3.944702244813824e-05,4.002520331878496e-05
1716.2818366054432,5.379413089140815e-05,2.9250319175599456e-05,4.8094400036022995e-05,4.60076525966386e-05
1714.3534300474598,5.1736395637681024e-05,2.8057730667564612e-05,4.778075406964187e-05,4.022758197703454e-05
1712.4250234894764,3.853732464934243e-05,2.499457364792561e-05,3.8941807253761875e-05,2.743046865838455e-05
1710.496616931493,1.946747712985471e-05,2.9874597377855406e-05,2.6870518948749355e-05,3.911609388373447e-05
1708.5682103735096,9.080317441714272e-06,4.02322478497799e-05,2.1545435911645306e-05,6.123722746574096e-05
1706.6398038155262,2.1488517825181255e-05,4.5761007050864874e-05,3.3157590956294365e-05,6.066803658965457e-05
1704.7113972575428,5.4979339657223195e-05,4.652991055497962e-05,6.0107003015911155e-05,5.015392074002122e-05
1702.7829906995594,9.363661153805477e-05,5.162551121215022e-05,8.954032005206798e-05,7.767783370194181e-05
1700.854584141576,0.00011037079967918778,5.6367972534506985e-05,0.00010187659596278169,9.937401947192121e-05
1698.9261775835926,0.000100415573721661,5.0941992803176386e-05,9.278022541726447e-05,8.962926340119134e-05
1696.9977710256092,7.163312350840477e-05,3.844977958207755e-05,6.85357711149039e-05,5.741399581083409e-05
1695.0693644676257,5.3299502106487314e-05,3.89791597037084e-05,5.5100548226158234e-05,4.5268892918458534e-05
1693.1409579096423,5.2258914479906554e-05,4.694950639718635e-05,5.546134461243474e-05,5.501822722260935e-05
1691.212551351659,5.170922900594572e-05,4.693979715005306e-05,5.4244787135867755e-05,5.496657669022735e-05
1689.2841447936755,4.585334345980264e-05,4.294304673205494e-05,4.817798372466751e-05,5.0625471191045156e-05
1687.3557382356921,4.411271959766515e-05,4.1101622262307096e-05,4.5930022211206347e-05,4.746575527176775e-05
1685.4273316777087,5.4880624562629014e-05,4.009308865786024e-05,5.318058219433426e-05,4.4955053803839075e-05
1683.4989251197253,6.190030613653049e-05,3.609029027176504e-05,5.623402984372841e-05,4.609798111668154e-05
1681.570518561742,5.442119620318067e-05,2.969642336138052e-05,4.768020059096635e-05,3.905947728499739e-05
1679.6421120037585,4.7331383949599603e-05,2.5455077070463987e-05,3.994774300665717e-05,3.151194317130588e-05
1677.713705445775,3.3195633523664175e-05,1.7886867820381092e-05,2.6345734004500012e-05,2.1172082577234404e-05
1675.7852988877917,9.193069969354153e-06,9.842089818299974e-06,4.864076757591011e-06,9.23924435059661e-06
1673.8568923298083,-5.928111794915005e-06,1.0541857784502794e-05,-7.208882141272795e-06,1.663162248712104e-05
1671.9284857718249,4.2140900796771297e-07,1.0347349534654627e-05,-4.6686124953225503e-07,1.3895369420565688e-05
1670.0000792138414,-1.1643544522809148e-06,1.5231417153589809e-05,-3.0312087373197754e-06,2.0399284954440045e-05
1668.071672655858,-2.8575431703591667e-05,3.163335516484744e-05,-2.8555403544547276e-05,3.479441242635711e-05
1666.1432660978746,-7.203567482316685e-05,4.9867497692908304e-05,-6.621034621110379e-05,5.5371950757342635e-05
1664.2148595398912,-0.00010285776656699763,5.935358659264207e-05,-8.959600881598202e-05,7.818613083393947e-05
1662.2864529819078,-0.00011375240546056475,6.302533078179813e-05,-9.6056912130379e-05,8.900606995073231e-05
1660.3580464239244,-0.00012150041877091234,6.752550483190908e-05,-0.00010196263101675387,9.517115197211258e-05
1658.429639865941,-0.0001110919684385954,6.519787418411303e-05,-9.323349329725497e-05,8.287506279367835e-05
1656.5012333079576,-7.592019043333786e-05,5.886610745450175e-05,-6.519455318063503e-05,5.374956932181515e-05
1654.5728267499742,-4.9648349623847644e-05,6.782126933526514e-05,-4.5518346742470145e-05,7.254971653064841e-05
1652.6444201919908,-3.492493086227171e-05,7.743688598957195e-05,-3.455060583714494e-05,9.421039212914005e-05
1650.7160136340074,-2.7449758833072012e-05,7.903312992818772e-05,-2.863037738955442e-05,9.709394973576441e-05
1648.787607076024,-3.794783297874904e-05,7.845410693306092e-05,-3.72833209575858e-05,8.394701779899606e-05
1646.8592005180406,-6.48889957602366e-05,8.290886572069702e-05,-5.8555494799445026e-05,7.079155209860932e-05
1644.9307939600571,-8.578430516090348e-05,8.603501778640593e-05,-7.555366688405996e-05,6.802497139428791e-05
1643.0023874020737,-9.552195534531315e-05,8.019935253095516e-05,-8.356487061286351e-05,6.67059756905633e-05
1641.0739808440903,-9.155434432525163e-05,6.790791222167253e-05,-7.969174648909907e-05,6.40306127480645e-05
1639.145574286107,-9.074637895450116e-05,6.172488336736273e-05,-8.029274867881017e-05,6.84501440920845e-05
1637.2171677281235,-9.82830887884853e-05,6.036102990887553e-05,-8.85090489454959e-05,7.90383309329443e-05
1635.28876117014,-9.666137734678491e-05,5.7254898307435786e-05,-8.888718040884836e-05,7.962732771230013e-05
1633.3603546121567,-8.188688903016784e-05,5.2325704483433094e-05,-7.970549116306482e-05,6.987773323424576e-05
1631.4319480541733,-6.819744902735284e-05,4.666431361808526e-05,-7.15134643216862e-05,6.427759049460705e-05
1629.5035414961899,-6.377344968235801e-05,4.0741518412406944e-05,-6.949191368468122e-05,6.125644351974967e-05
1627.5751349382065,-6.55117444750414e-05,3.7545938233409734e-05,-7.137512297614592e-05,6.20116149688794e-05
1625.646728380223,-5.347286898145769e-05,3.048646614863604e-05,-6.05174076886423e-05,5.096122378288391e-05
1623.7183218222397,-2.0240710160627355e-05,1.9422195477341133e-05,-3.122699100339028e-05,3.20838294226548e-05
1621.7899152642563,2.2634881135053403e-05,2.422525340718863e-05,5.5042940808694316e-06,4.509556830812922e-05
1619.8615087062728,5.362825805709576e-05,3.808690612248142e-05,3.376428353284291e-05,5.7503047332212126e-05
1617.9331021482894,7.182668332704058e-05,5.004810802977481e-05,5.300327274115408e-05,6.303707010599889e-05
1616.004695590306,8.112325980377234e-05,5.929506481060792e-05,6.568605537293238e-05,6.668482304602212e-05
1614.0762890323226,8.557990819344132e-05,6.648451164275175e-05,7.414171073138894e-05,7.041662391401175e-05
1612.1478824743392,8.685045371361956e-05,6.983119470862688e-05,7.848311887610217e-05,7.20936324600023e-05
1610.2194759163558,8.675971697946541e-05,6.944607504927581e-05,7.964382693762014e-05,7.003616358235977e-05
1608.2910693583724,8.080438361298222e-05,6.655152028600184e-05,7.472807460209546e-05,6.476472064569041e-05
1606.362662800389,6.358193405204391e-05,5.782940646533352e-05,5.934012482019573e-05,5.5462017769797446e-05
1604.4342562424056,4.5363215602249764e-05,4.389381065874504e-05,4.149457550341879e-05,4.033612114839305e-05
1602.5058496844222,3.474075546642512e-05,3.2349457147819895e-05,2.9313808772364715e-05,2.5811424104011967e-05
1600.5774431264388,2.0101614832964234e-05,2.559976378722609e-05,1.405193956050665e-05,2.5605253310671145e-05
1598.6490365684554,-6.95055433636826e-07,2.584332133311196e-05,-6.061869517233036e-06,3.816058736950744e-05
1596.720630010472,-2.1336956649492628e-05,3.366798320231373e-05,-2.5640840656508176e-05,5.328830080754831e-05
1594.7922234524885,-3.8504541122060405e-05,4.408634407230456e-05,-4.1782805658914264e-05,6.735628331305419e-05
1592.8638168945051,-5.3756941910095444e-05,5.3569645190714536e-05,-5.527692616664771e-05,7.929921336344649e-05
1590.9354103365217,-6.798600695657791e-05,6.013024432760247e-05,-6.668458299896257e-05,8.787580255150406e-05
1589.0070037785383,-8.471160830729516e-05,6.579071230711893e-05,-7.991527218363239e-05,9.801194703035163e-05
1587.078597220555,-0.00010240593252083225,7.301784988329942e-05,-9.548610187492527e-05,0.00011128605786935631
1585.1501906625715,-0.00010501641937834436,7.306637385813497e-05,-9.86789979965715e-05,0.0001109494646608755
1583.221784104588,-9.450807896531627e-05,6.463895186736902e-05,-8.979782035016159e-05,9.799948344465465e-05
1581.2933775466047,-8.342269234281547e-05,5.541337879569196e-05,-8.081346658743003e-05,8.498343455808251e-05
1579.3649709886213,-7.01946763406031e-05,4.786591756835562e-05,-7.073465387638085e-05,7.250641968324925e-05
1577.4365644306379,-4.9888837761682686e-05,4.0539022145256866e-05,-5.3862179913086945e-05,5.82152081911307e-05
1575.5081578726545,-2.8416378008306616e-05,3.505547939025714e-05,-3.4622784206866465e-05,4.6250027962419035e-05
1573.579751314671,-1.0073827568670879e-05,3.0164707919610547e-05,-1.6152251553265828e-05,3.385049689856906e-05
1571.6513447566876,-6.43635751865773e-06,2.4573457795333946e-05,-8.720224531686734e-06,1.88263481334997e-05
1569.7229381987042,-2.9121318169354213e-05,2.314691484819145e-05,-2.4337691006605076e-05,3.6065513874497995e-05
1567.7945316407208,-3.5271639659789365e-05,2.424849305394043e-05,-2.625170231686592e-05,4.737727729614181e-05
1565.8661250827374,-2.2552785500992535e-05,2.07624357374081e-05,-1.2609146025629142e-05,3.774462050159568e-05
1563.937718524754,4.106731371348898e-06,1.6752649159424357e-05,1.1553106929517706e-05,2.5040820639714312e-05
1562.0093119667706,3.998493588538247e-05,2.5844305467943836e-05,4.3982717762410325e-05,5.5136375548554665e-05
1560.0809054087872,6.49481401171455e-05,3.61093610812313e-05,6.72954416132904e-05,8.059971022644656e-05
1558.1524988508038,7.226471700290345e-05,3.9106349986453875e-05,7.44000046567393e-05,8.622609090893195e-05
1556.2240922928204,6.540343617140512e-05,3.641756897593407e-05,6.986686381737132e-05,7.441160681532515e-05
1554.295685734837,3.920992480266847e-05,3.353825722321142e-05,5.088356803925775e-05,5.671482307165016e-05
1552.3672791768536,1.7400748709697026e-06,3.9939790241366015e-05,2.0041064218775104e-05,7.242671676225197e-05
1550.4388726188702,-9.646361149431845e-06,3.9519756485707706e-05,5.425759203883469e-06,7.23295859545451e-05
1548.5104660608868,-8.568364797824164e-06,3.278278807181872e-05,3.614311373747833e-07,5.6747983904680275e-05
1546.5820595029033,-1.9968980190752203e-06,2.2103465937582186e-05,-6.218518778133207e-08,3.521733506471631e-05
1544.65365294492,3.4048621193871275e-05,2.2314642872908052e-05,2.6121538910631377e-05,5.4490292415772696e-05
1542.7252463869365,7.102052284787537e-05,4.1661181802431026e-05,5.484661832630962e-05,9.851778648800747e-05
1540.7968398289531,9.146877152808679e-05,5.482969678581551e-05,7.171535452730091e-05,0.00012105891933734157
1538.8684332709697,8.785022732013614e-05,5.509192286641634e-05,7.086314520233143e-05,0.00011068833275833954
1536.9400267129863,6.297842937954168e-05,4.667178885671374e-05,5.431361038760985e-05,7.491253181060912e-05
1535.011620155003,2.2312989972281166e-05,4.127851235530283e-05,2.5955275549610542e-05,4.6903109522221026e-05
1533.0832135970195,-2.4012330641423373e-05,4.923508371167011e-05,-7.55460134411852e-06,8.492370035263225e-05
1531.154807039036,-5.1113191580257894e-05,5.496930897447308e-05,-2.8337335087103203e-05,0.00011215918180745724
1529.2264004810527,-4.0023035477991956e-05,4.1945770890681516e-05,-2.2412267037059045e-05,8.558418473894226e-05
1527.2979939230693,9.409841655420394e-06,1.8918735815007253e-05,1.2444160093315198e-05,2.3609361737454648e-05
1525.3695873650859,5.185731473479351e-05,2.7301126281962065e-05,4.393582965021279e-05,5.04500775078655e-05
1523.4411808071025,7.071442697222427e-05,3.623280462674532e-05,5.661042347479586e-05,7.043112851919327e-05
1521.512774249119,6.748895075814401e-05,3.513072981210334e-05,5.189648558860348e-05,6.492796486482635e-05
1519.5843676911356,4.686172561548845e-05,2.5250238676262582e-05,3.487149891096244e-05,3.639133400816593e-05
1517.6559611331522,3.745225866524173e-05,2.3355698336978467e-05,2.759356068339442e-05,2.4878090532786615e-05
1515.7275545751688,4.115714638157144e-05,2.7243858435356595e-05,3.228400579367147e-05,2.89988120791783e-05
1513.7991480171854,4.2837962652574906e-05,2.9892901354096417e-05,3.651435591086717e-05,3.1514856415720604e-05
1511.870741459202,4.095032253712754e-05,3.1376091561713085e-05,3.834070253286724e-05,3.182142461954012e-05
1509.9423349012186,4.195503235753983e-05,3.447171070379027e-05,4.252592221265228e-05,3.541824920012577e-05
1508.0139283432352,5.850165801405044e-05,4.193146183526856e-05,5.8556860553840494e-05,4.8230205809683556e-05
1506.0855217852518,7.931084833302207e-05,4.989652182951579e-05,7.696334314786065e-05,6.47619534303109e-05
1504.1571152272684,8.611076118345007e-05,5.1533801654939604e-05,8.250077444273459e-05,6.989139365762108e-05
1502.228708669285,7.102069669163159e-05,4.67540451334347e-05,7.022440016739661e-05,5.604224367846058e-05
1500.3003021113016,4.8236240612060594e-05,4.806395900539232e-05,5.260368314401253e-05,5.691027299667435e-05
1498.3718955533182,3.650021903337373e-05,5.327864288641341e-05,4.279990423080946e-05,7.09595198990834e-05
1496.4434889953347,4.040782370429552e-05,5.411185553777511e-05,4.400402066706082e-05,6.87302824839609e-05
1494.5150824373513,6.892961795738007e-05,5.5268409870147615e-05,6.387810768643106e-05,6.309677000165568e-05
1492.586675879368,9.222710285749238e-05,5.955678180769382e-05,8.116450435527435e-05,7.750985505668513e-05
1490.6582693213845,9.17533070473117e-05,5.836649474853398e-05,8.053068393030691e-05,7.652473373632945e-05
1488.7298627634011,7.687548273144232e-05,5.349683373309399e-05,6.951626183194399e-05,6.399921064964417e-05
1486.8014562054177,5.9227467127390114e-05,5.3164678796414424e-05,5.826425633764038e-05,6.034321129612677e-05
1484.8730496474343,6.335811161375692e-05,6.680991739522933e-05,6.735964197940895e-05,7.849288406833914e-05
1482.944643089451,9.58988770629472e-05,8.766284263154722e-05,0.00010080690930808876,9.881330621207767e-05
1481.0162365314675,0.0001148749308107505,9.662074806656034e-05,0.00012053720954287214,0.00010662875710943403
1479.087829973484,0.0001106025564083101,9.156015273346333e-05,0.00011696152975416934,9.990554588222239e-05
1477.1594234155007,0.00010013977456862712,7.702183364185266e-05,0.00010302860061133045,8.279979605541788e-05
1475.2310168575173,8.416647077891853e-05,5.168733585209021e-05,7.859032831606146e-05,5.9641763643670014e-05
1473.3026102995339,4.194533313786846e-05,2.388006202391301e-05,3.0126022340116826e-05,4.232659829093526e-05
1471.3742037415504,-2.6422803820443498e-05,4.245854682938384e-05,-3.869589786949116e-05,5.294799437328155e-05
1469.445797183567,-0.00010176292875677401,7.74308395338981e-05,-0.00010907759357078272,9.193506220146293e-05
1467.5173906255836,-0.0001511965328659006,0.00010321168930106607,-0.00015556627715052415,0.00012724526311257655
1465.5889840676002,-0.00017509744478492277,0.00012020186001103386,-0.0001791110791969821,0.0001458662578423662
1463.6605775096168,-0.00017599761886125128,0.000124091839136635,-0.00017988448422223788,0.0001480056864832278
1461.7321709516334,-0.00014726161936770606,0.00011193750324900216,-0.0001526380737292731,0.00013157761422936246
1459.80376439365,-0.00010464967931928638,9.71967997957805e-05,-0.0001135578379265293,0.0001158111005025128
1457.8753578356666,-8.359232549856389e-05,9.521996079823161e-05,-9.419231661146444e-05,0.00011879423416317355
1455.9469512776832,-7.396649537120252e-05,9.171163192958156e-05,-8.431821040244875e-05,0.00011722553960415346
1454.0185447196998,-6.216471060702745e-05,7.843460003764551e-05,-7.148420434360185e-05,0.00010123828850245386
1452.0901381617164,-5.1880106466496695e-05,6.070463247678279e-05,-5.839927730333337e-05,7.713501051405344e-05
1450.161731603733,-5.437167132858099e-05,4.540783174816223e-05,-5.318384335147605e-05,5.54340095511103e-05
1448.2333250457496,-5.81538485503478e-05,3.501345636358476e-05,-4.623468244049482e-05,5.855736365606874e-05
1446.3049184877661,-4.0501361293426434e-05,3.5494782437888165e-05,-2.1715254868855236e-05,7.353095790004102e-05
1444.3765119297827,-1.9438471014946312e-06,3.6988117022013735e-05,1.5410728667755718e-05,6.58326282302701e-05
1442.4481053717993,2.5211054190947153e-05,3.610392442468949e-05,3.9915356627889485e-05,5.9961985863630793e-05
1440.519698813816,3.676691031172038e-05,3.637235641432028e-05,5.109617996664206e-05,6.386204731513616e-05
1438.5912922558325,3.9196229679378945e-05,3.5122533112667415e-05,5.380866854082599e-05,6.522229279819226e-05
1436.662885697849,3.479109787479583e-05,3.137635410091888e-05,4.9666253990526394e-05,6.0289765783266224e-05
1434.7344791398657,2.6924688506010324e-05,2.684855272088888e-05,4.160920809697673e-05,5.116459380034423e-05
1432.8060725818823,1.2320180838232483e-05,2.337094562839753e-05,2.6885505721322618e-05,3.6103490234963636e-05
1430.8776660238989,-1.1119617416378108e-05,2.552750563787502e-05,3.999793371986928e-06,1.8841345470275435e-05
1428.9492594659155,-3.4682907400080074e-05,3.51200595655946e-05,-2.026262221204612e-05,3.1990112564714064e-05
1427.020852907932,-5.251346650013992e-05,4.6194670452422725e-05,-4.161778011862723e-05,5.443082423104989e-05
1425.0924463499487,-6.30401665816399e-05,5.538542643843126e-05,-5.807302647071078e-05,7.368714571444936e-05
1423.1640397919653,-6.994134615390308e-05,6.514912876506092e-05,-7.250548226503719e-05,9.242603959645071e-05
1421.2356332339818,-8.007955223892343e-05,7.601115156245081e-05,-8.915643989151617e-05,0.00011110488043256985
1419.3072266759984,-9.001329224678358e-05,8.247162488199197e-05,-0.00010294274336106496,0.00012207395430940664
1417.378820118015,-9.834363543416525e-05,8.429637194414254e-05,-0.00011214025454037136,0.00012533910915582533
1415.4504135600316,-0.00010587318989535891,8.329549482041863e-05,-0.0001180502647012139,0.00012406882997127112
1413.5220070020482,-0.00010879135587832838,7.696368393779777e-05,-0.0001174275633317973,0.00011606552005319149
1411.5936004440648,-0.00010691277595965899,6.603488887553735e-05,-0.00011053141249377464,0.0001046230294328606
1409.6651938860814,-0.00010238995452822958,5.5204861432440844e-05,-0.00010031013443016767,9.671299085353448e-05
1407.736787328098,-8.758673163670787e-05,4.3902996499439166e-05,-8.155485919612364e-05,8.502332417781734e-05
1405.8083807701146,-5.32871695523206e-05,2.9364881175490084e-05,-4.8871367339003406e-05,5.4682436799741894e-05
1403.8799742121312,-6.6163444511290625e-06,2.6904743665109753e-05,-7.939361885987714e-06,2.1344625225930874e-05
1401.9515676541478,3.7397123235404216e-05,4.462936662490495e-05,3.089827294421961e-05,4.127999132896246e-05
1400.0231610961644,7.216521940464983e-05,6.44582169352126e-05,6.243456814692467e-05,6.840639655897161e-05
1398.094754538181,0.00010167313646323031,8.30662275357375e-05,8.965893644509938e-05,9.147697131081146e-05
1396.1663479801975,0.0001265749595168663,9.768543990997968e-05,0.00011297703225642515,0.0001108304644935306
1394.2379414222141,0.00014074687413093056,0.00010462983204212971,0.00012740503262620396,0.00012175311934174475
1392.3095348642307,0.0001436006376818372,0.00010471985116607574,0.00013270562604295632,0.00012418618636330668
1390.3811283062473,0.00013513487542162505,9.971381662286682e-05,0.00012894189882201203,0.00011944445192313996
1388.452721748264,0.00011192820019327884,8.86494486368277e-05,0.00011226399397140023,0.00010714530722206218
1386.5243151902805,8.144071125453633e-05,7.420778845237858e-05,8.741030314743887e-05,9.304491163632036e-05
1384.595908632297,5.93453451276885e-05,5.93878702229907e-05,6.627483275297248e-05,7.842482096245742e-05
1382.6675020743137,4.6405953404848505e-05,4.333227635955137e-05,5.040775709640703e-05,5.992805211666966e-05
1380.7390955163303,3.4268812119544144e-05,2.9726379772407254e-05,3.5579061145699424e-05,4.341622867084187e-05
1378.8106889583469,1.7827412425694728e-05,2.1963844140394103e-05,1.845841788814347e-05,2.936004951030201e-05
1376.8822824003635,-2.329520532261403e-06,2.1901919631500006e-05,-1.1173390208147423e-06,1.7697910006210316e-05
1374.95387584238,-2.1793037408916008e-05,2.8782395201050914e-05,-1.9949024724862198e-05,2.0622767000224753e-05
1373.0254692843966,-3.788343217167979e-05,3.988513068685266e-05,-3.634025450079733e-05,3.589557972296174e-05
1371.0970627264132,-5.167856072551454e-05,5.1906127081927054e-05,-5.069779955842584e-05,5.360173804272554e-05
1369.1686561684298,-6.515362293021263e-05,6.227080377362352e-05,-6.393944905062551e-05,6.942760337424416e-05
1367.2402496104464,-7.933485675266222e-05,7.103730846905594e-05,-7.727787434586029e-05,8.296005463262025e-05
1365.311843052463,-9.27853912213425e-05,7.810274719714142e-05,-8.997114056107924e-05,9.406618491446841e-05
1363.3834364944796,-0.00010076944702823955,8.188418893449094e-05,-9.784005437503408e-05,0.00010007819437090331
1361.4550299364962,-0.00010140209437724937,8.279926257370158e-05,-9.8617316575931e-05,0.00010031521526062134
1359.5266233785128,-9.950589844140133e-05,8.236764138937437e-05,-9.529072037644917e-05,9.715203217713161e-05
1357.5982168205294,-9.588322078874478e-05,7.860923568973117e-05,-8.857381265559892e-05,8.945009643894996e-05
1355.669810262546,-9.006073272402268e-05,7.103105489765961e-05,-7.914343850341768e-05,7.745966660406561e-05
1353.7414037045626,-8.482562927421537e-05,6.132253873231163e-05,-7.006090784756986e-05,6.582040343864941e-05
1351.8129971465792,-7.948890424314042e-05,5.1591259178312493e-05,-6.149938701400936e-05,6.033314080267302e-05
1349.8845905885958,-6.53020978485637e-05,4.0534531434446886e-05,-4.7744004137848446e-05,5.065110325157557e-05
1347.9561840306123,-3.914419500045607e-05,2.5653297195000685e-05,-2.6200563791353138e-05,2.798023166289855e-05
1346.027777472629,-1.0103206935452431e-05,1.2765871106460557e-05,-3.096263088762412e-06,8.76946029476743e-06
1344.0993709146455,1.5602378356718637e-05,1.4998881450624844e-05,1.6983105239121396e-05,2.2697286723195784e-05
1342.1709643566621,3.63828071060503e-05,2.539577794775222e-05,3.316588720468164e-05,3.876026505822544e-05
1340.2425577986787,5.178072913579559e-05,3.470324845910254e-05,4.5480509290370745e-05,5.026652566852945e-05
1338.3141512406953,6.166669572155506e-05,4.137953664043313e-05,5.392265310814164e-05,5.654471876264377e-05
1336.385744682712,6.66532566955859e-05,4.547921702646064e-05,5.8911350979001185e-05,5.8363437478357194e-05
1334.4573381247285,6.609113581944659e-05,4.731580141687035e-05,5.9834200764987144e-05,5.623870531031781e-05
1332.528931566745,5.7869551380127934e-05,4.678907868341014e-05,5.475103985565307e-05,5.1698065194123224e-05
1330.6005250087617,4.244686462983084e-05,4.372139329111824e-05,4.333799189637691e-05,4.9496333058353664e-05
1328.6721184507783,2.4706892580920197e-05,3.6653814599064285e-05,2.8453489853178108e-05,4.673237083389727e-05
1326.7437118927949,1.0823926358910365e-05,2.4302563148458904e-05,1.4539874740136571e-05,3.387532841249878e-05
1324.8153053348115,-8.760980448461385e-07,9.41885050131696e-06,1.0605423528534496e-06,1.4473088058185069e-05
1322.886898776828,-1.6807223703620247e-05,1.5011360001279952e-05,-1.62004825554548e-05,1.8007381590698485e-05
1320.9584922188446,-3.6935116868722624e-05,3.39371820648808e-05,-3.694511413588685e-05,3.971869168949784e-05
1319.0300856608612,-5.766679601508149e-05,5.177162295609314e-05,-5.787819850787824e-05,6.066364751226575e-05
1317.1016791028778,-7.456614173931202e-05,6.509784745698388e-05,-7.484131862794887e-05,7.701972059171876e-05
1315.1732725448944,-8.421531510782516e-05,7.137568417908993e-05,-8.451147009014409e-05,8.564865439465656e-05
1313.244865986911,-8.502202777247601e-05,6.928049626296602e-05,-8.523061945964055e-05,8.471472814440277e-05
1311.3164594289276,-7.660139646351375e-05,5.880103255725814e-05,-7.662494596956617e-05,7.418382659488777e-05
1309.3880528709442,-5.909558388155846e-05,4.1505720303273234e-05,-5.9220667593736875e-05,5.567500581733659e-05
1307.4596463129608,-3.27160546629968e-05,2.1674269353205673e-05,-3.389351066488555e-05,3.1785221594355077e-05
1305.5312397549774,1.9607357398759502e-07,1.8986886862121865e-05,-2.8740922622457575e-06,1.343087041482538e-05
1303.602833196994,3.407452778932341e-05,3.9348712607101145e-05,2.9294284786129128e-05,3.379031527726742e-05
1301.6744266390106,6.392880411978e-05,5.963106752118449e-05,5.7994587682882366e-05,5.94128317669497e-05
1299.7460200810272,8.752939076759808e-05,7.476741262818613e-05,8.059503123944328e-05,7.975985153483911e-05
1297.8176135230437,0.00010283839702487543,8.303476800527874e-05,9.513482338760834e-05,9.242412409668995e-05
1295.8892069650603,0.00010787454132199411,8.347263186101028e-05,0.00010003132960589654,9.596985113402639e-05
1293.960800407077,0.0001025604287621102,7.666954672687796e-05,9.537916292669246e-05,9.073087378202469e-05
1292.0323938490935,8.8375307037413e-05,6.419632061409923e-05,8.267914952226241e-05,7.835856910671833e-05
1290.1039872911101,6.834622858132323e-05,4.825972108160369e-05,6.463397014288424e-05,6.125593281821043e-05
1288.1755807331267,4.6293119087918656e-05,3.1738200772131816e-05,4.468089865157687e-05,4.247070358772411e-05
1286.2471741751433,2.5523385599693583e-05,1.7673793787536703e-05,2.6095425696233973e-05,2.5101282295849415e-05
1284.31876761716,9.007240164812878e-06,9.303948770299659e-06,1.1818490511129177e-05,1.1898652381326764e-05
1282.3903610591765,-5.550227389536776e-07,7.548018225389724e-06,4.099000558169892e-06,5.76675952747502e-06
1280.461954501193,-2.172722909862795e-06,6.7128753649720674e-06,3.363261338424048e-06,6.003873781540748e-06
1278.5335479432097,2.7259422291570037e-06,6.512848714651334e-06,8.097821818446402e-06,7.909725900487213e-06
1276.6051413852263,1.1470112151553942e-05,1.0579314306005984e-05,1.5842970359312327e-05,1.251967320753653e-05
1274.6767348272429,2.0476073755782818e-05,1.5685656228263362e-05,2.3354351730341755e-05,1.8162136719708607e-05
1272.7483282692594,2.589238412911961e-05,1.830292857129555e-05,2.7332554063202167e-05,2.1228507521813727e-05
1270.819921711276,2.5518403857236616e-05,1.68049934203913e-05,2.602497194143954e-05,1.9853685828624287e-05
1268.8915151532926,1.9121399668539873e-05,1.10469029282041e-05,1.9407012081564467e-05,1.4354746950359289e-05
1266.9631085953092,7.385851109358358e-06,5.925912924548768e-06,8.299405763473997e-06,8.673776330105778e-06
1265.0347020373258,-8.217819566176612e-06,1.4744629998836725e-05,-5.785080961341666e-06,1.499339464900895e-05
1263.1062954793424,-2.5129380835968924e-05,2.6746472641105854e-05,-2.05365635484915e-05,2.7269059085614425e-05
1261.177888921359,-4.0079546905391844e-05,3.711104981862593e-05,-3.3346777554982236e-05,3.83844106015994e-05
1259.2494823633756,-5.0326423345253566e-05,4.408129210815733e-05,-4.20983164277474e-05,4.5789194634737375e-05
1257.3210758053922,-5.516374910580181e-05,4.7069097339417566e-05,-4.608604616021864e-05,4.8667471500307466e-05
1255.3926692474088,-5.520787659057698e-05,4.632685398753463e-05,-4.576124210093886e-05,4.730749248648079e-05
1253.4642626894254,-5.08630029066332e-05,4.234449713287802e-05,-4.179564892999866e-05,4.2417312503808e-05
1251.535856131442,-4.269893691811793e-05,3.5587396279631176e-05,-3.4877535701502375e-05,3.482402334518817e-05
1249.6074495734586,-3.150927324832591e-05,2.6568749743324093e-05,-2.5453147923808732e-05,2.5136119649164848e-05
1247.6790430154751,-1.810916246926569e-05,1.6304192875214994e-05,-1.4054111097164122e-05,1.4077209845140919e-05
1245.7506364574917,-4.106187651616802e-06,7.813563742175264e-06,-2.061596624112974e-06,5.131115036275698e-06
1243.8222298995083,8.288168738911677e-06,9.690673727185791e-06,8.64167757847248e-06,1.0334985983089821e-05
1241.893823341525,1.7137543834737502e-05,1.5662486701057494e-05,1.624557839041116e-05,1.7026535582495514e-05
1239.9654167835415,2.05587123720334e-05,1.8303844731823886e-05,1.885276087164339e-05,1.9601367799011232e-05
1238.037010225558,1.6756955581684612e-05,1.5655218933367442e-05,1.4774486132305032e-05,1.6675003563010552e-05
1236.1086036675747,5.038486494601472e-06,7.849542621788672e-06,3.418480148800954e-06,8.692388227549352e-06
1234.1801971095913,-1.354785607334117e-05,9.969410741709129e-06,-1.4363358513236865e-05,1.1789571641413625e-05
1232.2517905516079,-3.635201861369394e-05,2.6533737325143898e-05,-3.6302059605403816e-05,2.9881930745687442e-05
1230.3233839936245,-5.9421871853544986e-05,4.367230901786738e-05,-5.867506966267433e-05,4.9293816261317426e-05
1228.394977435641,-7.7734430828627e-05,5.669044073224485e-05,-7.66062890240216e-05,6.46909433053214e-05
1226.4665708776577,-8.597507638718284e-05,6.172080747274135e-05,-8.509078938594156e-05,7.142949605203758e-05
1224.5381643196743,-7.989829134408907e-05,5.60855739847175e-05,-8.035665633884157e-05,6.621239393474827e-05
1222.6097577616908,-5.774043428302047e-05,3.944880795048281e-05,-6.080181705683102e-05,4.81857508914234e-05
1220.6813512037074,-2.118159738722049e-05,1.9598406802933873e-05,-2.7714038115538567e-05,2.2496440730909968e-05
1218.752944645724,2.456556664639416e-05,3.4584324655835554e-05,1.4207409636426194e-05,3.1038387819669184e-05
1216.8245380877406,7.156548666732249e-05,6.688912732346712e-05,5.753314998181482e-05,6.741274909957004e-05
1214.8961315297572,0.00011058343162052581,9.408013743773575e-05,9.364442589090136e-05,9.89767682252326e-05
1212.9677249717738,0.0001326715176038002,0.0001080617981075198,0.000114259924740799,0.00011607435547465419
1211.0393184137904,0.00013092687968564072,0.00010387334798885731,0.00011312896795449084,0.0001127246972753037
1209.110911855807,0.00010265464555332082,7.993458247496417e-05,8.795140009634292e-05,8.682443987400248e-05
1207.1825052978236,5.100272028143055e-05,3.955161344775005e-05,4.162074989449419e-05,4.145152368088726e-05
1205.2540987398402,-1.5579239447795397e-05,2.0686478798619907e-05,-1.826827805400826e-05,1.8956270348274654e-05
1203.3256921818568,-8.526887939200786e-05,7.021257269118133e-05,-8.101049047123959e-05,7.758099859934323e-05
1201.3972856238734,-0.0001449816974704487,0.00011442990435519721,-0.000134733452186018,0.00012793579068936004
1199.46887906589,-0.00018323571255105423,0.00014185062742979432,-0.00016894233486193248,0.00015924214960290052
1197.5404725079065,-0.00019275097878305647,0.00014695488562317644,-0.00017680068171439743,0.00016545616029754352
1195.6120659499231,-0.00017175825101384658,0.0001288140783350263,-0.00015640669380825758,0.00014543813378691607
1193.6836593919397,-0.00012391633186800637,9.099231389275335e-05,-0.00011100709037082767,0.00010255992701482584
1191.7552528339563,-5.6804957269885986e-05,4.167361819070516e-05,-4.799613148639123e-05,4.417022124109954e-05
1189.826846275973,1.997531938611235e-05,3.194612791721169e-05,2.3361886257492215e-05,2.8866303168925634e-05
1187.8984397179895,9.680347913981528e-05,8.53979308342665e-05,9.449230758144445e-05,9.379613445123103e-05
1185.970033160006,0.00016657900334760987,0.00013752051208913737,0.000159193339531902,0.0001541423314049793
1184.0416266020227,0.00022581427747342988,0.00018185163991432695,0.00021402671395442016,0.00020518577308144262
1182.1132200440393,0.0002737715046626885,0.00021786322671613946,0.000257938514237201,0.00024632300149055893
1180.1848134860559,0.00031182164240736943,0.0002467296307485376,0.0002918998062556708,0.00027862246804886157
1178.2564069280725,0.00034209143693849243,0.00026979102723348973,0.0003177947388639282,0.00030376305557414313
1176.328000370089,0.00036548681827160986,0.00028768619447307767,0.0003369562786056111,0.00032257551865599345
1174.3995938121056,0.00038087262158924604,0.0002994821518853927,0.0003491849542210961,0.0003341511313925493
1172.4711872541222,0.0003851787809257317,0.00030222589247501076,0.00035206651319889755,0.00033602819486976127
1170.5427806961388,0.00037447506808281985,0.0002921779114565092,0.00034169622312352693,0.0003249750449408022
1168.6143741381554,0.00034535948592384613,0.0002665498322900537,0.00031465957138179145,0.0002980761969869101
1166.685967580172,0.0002956663726681126,0.000224154767192756,0.00026924675290016425,0.0002535247073794882
1164.7575610221886,0.00022490603508862765,0.00016547841307511544,0.00020536889775349005,0.00019097345764690203
1162.8291544642052,0.00013456272684502513,9.383634901912571e-05,0.0001241562337710861,0.00011226994507914563
1160.9007479062218,2.7679788148652445e-05,3.875010299982433e-05,2.7747373222277377e-05,2.9209968437132493e-05
1158.9723413482384,-9.060563963294548e-05,0.00010500458978466199,-7.960205638081248e-05,9.034411597542629e-05
1157.043934790255,-0.0002113546075336724,0.00019606354161032826,-0.00018965460522628574,0.0001924696930417774
1155.1155282322716,-0.0003211326795832904,0.00027790859801466686,-0.00028970468012278947,0.0002849623648987802
1153.1871216742882,-0.0004027570401543796,0.0003354462689671305,-0.0003636295475487436,0.0003514457465280046
1151.2587151163048,-0.0004385903161469843,0.00035516956919946253,-0.00039513455867597923,0.0003767564475827169
1149.3303085583213,-0.0004163642666346697,0.00032864252778826836,-0.000373084516899541,0.0003512337457803726
1147.401902000338,-0.0003347728744030937,0.0002566220294633177,-0.0002964580515736307,0.0002749144719295697
1145.4734954423545,-0.00020592465190915412,0.0001508773404824813,-0.00017652554391497707,0.00015936433416087313
1143.5450888843711,-5.2653675242772645e-05,4.2562211062687384e-05,-3.4602414389600506e-05,2.949558243748725e-05
1141.6166823263877,9.795123661157784e-05,0.00010092733329277649,0.00010396395241058296,0.000107367186956876
1139.6882757684043,0.00022121088464456006,0.0001904532683792803,0.00021629519762318545,0.00020938323046587463
1137.759869210421,0.00030011349880423085,0.0002460532962780479,0.00028683588278645737,0.00027155682012087003
1135.8314626524375,0.0003288097571926832,0.0002628169855666294,0.00031029326102556857,0.00028891751908153044
1133.903056094454,0.0003130575562771565,0.0002456974773982463,0.0002919920784218805,0.000266624552834325
1131.9746495364707,0.0002678265313698495,0.00020704214561488463,0.0002458172205617508,0.00021849665315208037
1130.0462429784873,0.000212748069559219,0.0001626547637002399,0.00019022820304425122,0.00016257442445349456
1128.1178364205039,0.00016564473382691978,0.0001261706509161626,0.00014238337930253214,0.00011492568187151421
1126.1894298625205,0.00013614887074478733,0.00010397927591743877,0.00011176425252331225,8.416756853307417e-05
1124.261023304537,0.00012275248713729196,9.344345647461092e-05,9.70269913462679e-05,6.88413339793932e-05
1122.3326167465536,0.00011466974710709784,8.512816902942979e-05,8.814266856968549e-05,5.960150965213201e-05
1120.4042101885702,9.728460831618059e-05,6.776300462532869e-05,7.191114460444731e-05,4.497848820169755e-05
1118.4758036305868,5.831025116335961e-05,3.486721949992774e-05,3.748723637772034e-05,2.2316275844393582e-05
1116.5473970726034,-8.921909095805655e-06,3.550623577032722e-05,-2.1052314459127047e-05,5.153464682805477e-05
1114.61899051462,-0.0001048380756851618,0.00011009693992492519,-0.0001042778560398088,0.0001250996886074931
1112.6905839566366,-0.0002235477060102076,0.00020339279304574972,-0.00020720721656054315,0.00021764104815062704
1110.7621773986532,-0.00035213175598404413,0.0003011391625677261,-0.00031864103147881,0.0003166594420799142
1108.8337708406698,-0.0004693812150598404,0.0003853817633685543,-0.0004198119389846113,0.0004036946197509771
1106.9053642826864,-0.0005458333925177978,0.00043283663547791945,-0.0004839656693174565,0.0004536210305263377
1104.976957724703,-0.0005467541212926087,0.0004175909030768679,-0.00047943516541837415,0.0004376298078617303
1103.0485511667196,-0.0004404775427362248,0.0003182213757398726,-0.00037801837779527985,0.0003311636873887895
1101.1201446087362,-0.0002120672012464116,0.00013045152617457653,-0.00016702757616596196,0.00012676685328954804
1099.1917380507527,0.0001234002129349066,0.00015398532090018428,0.00013909725630997097,0.00017132216221738504
1097.2633314927693,0.0005156007165923861,0.0004531803745460512,0.000493686539771892,0.0004988736022432693
1095.334924934786,0.0008859152175423613,0.0007270195372204418,0.0008244020564055978,0.000798008206727986
1093.4065183768025,0.0011452278065290766,0.000903204514412994,0.0010499854016961547,0.0009916414000431955
1091.4781118188191,0.0012175158149553488,0.0009254020778367535,0.0011018288517771959,0.0010179371663325229
1089.5497052608357,0.0010611406319549353,0.0007679713006857674,0.0009435141798879816,0.0008469211924351222
1087.6212987028523,0.0006821119324912448,0.000447093105421421,0.0005829531863057753,0.000491889568313595
1085.692892144869,0.00013678863945677986,0.00010632247570911934,7.450954591230421e-05,7.805920910464222e-05
1083.7644855868855,-0.0004772419535947343,0.0004936199230377229,-0.000490201213674729,0.0005368165100288689
1081.836079028902,-0.0010411104823335523,0.0009034903908729158,-0.0010017458325486926,0.0009999555231947458
1079.9076724709187,-0.0014430432292419325,0.0011748150159321988,-0.001358836046485771,0.0013090622612679764
1077.9792659129353,-0.0016070306066609766,0.0012535353475297435,-0.0014937449618643577,0.0014040019352586995
1076.0508593549519,-0.0015105714824791671,0.0011316329676988193,-0.0013885797512765898,0.0012735753928058684
1074.1224527969684,-0.0011866874702160122,0.0008451247664158059,-0.001076910928411716,0.0009550764900189718
1072.194046238985,-0.0007118112604961709,0.000462862503445695,-0.0006315359080372916,0.0005229090420757005
1070.2656396810016,-0.00018435694762345266,0.00011139329875583979,-0.00014385284830847512,9.573209594933661e-05
1068.3372331230182,0.00029884820578263035,0.0003287102621483926,0.0002978931188106535,0.0003592763615556848
1066.4088265650348,0.0006618255413849446,0.0005716071808404901,0.000625801329376687,0.0006441514931832956
1064.4804200070514,0.0008623892413472172,0.0006901665862362708,0.000803676891678642,0.000785617789407826
1062.552013449068,0.0008977137774105014,0.0006858758989642224,0.0008310736441636452,0.0007865825127359804
1060.6236068910846,0.0008004658123609159,0.0005881600509293,0.0007387024740484829,0.0006795955191893282
1058.6952003331012,0.0006260907514088671,0.00044134548828088783,0.0005771655541539478,0.0005140616573966518
1056.7667937751178,0.00043526774307465577,0.00029123031103804635,0.0004016372950413636,0.00034182813292423224
1054.8383872171344,0.00027780485428402914,0.00017302031173575618,0.0002568084713685372,0.0002036665705010103
1052.909980659151,0.00018153277123088139,0.0001052582773054995,0.00016666013821147686,0.00012071198810801647
1050.9815741011676,0.00014735511134943868,8.975085165749768e-05,0.00013089279919889965,9.046701809357603e-05
1049.0531675431841,0.00015203818253584918,0.00010412774183995241,0.00012802547067893366,8.915599342543139e-05
1047.1247609852007,0.00015785485160325173,0.00011423652528137036,0.00012445617439335864,8.696784876154105e-05
1045.1963544272173,0.00012593150012706321,9.720539519405135e-05,8.628995476659311e-05,6.747984262983554e-05
1043.267947869234,2.8806549697521668e-05,8.29113294371268e-05,-1.0264387692835758e-05,9.870274291150092e-05
1041.3395413112505,-0.00014121373884633216,0.00018031533705757042,-0.00017127478915692163,0.00023438504975234288
1039.411134753267,-0.00036957942351056443,0.00034781033575820194,-0.00038256014646088617,0.0004218113867319527
1037.4827281952837,-0.0006232422743024947,0.0005322576638062569,-0.0006133785452386279,0.0006227484270111648
1035.5543216373003,-0.0008592456979689592,0.0006953730602544118,-0.0008244606778144183,0.0007991057595620327
1033.6259150793169,-0.0010358343869303855,0.0008055440193748061,-0.000978101652991397,0.0009173411288917917
1031.6975085213335,-0.0011222762967652545,0.0008426366628498903,-0.001047088084328506,0.0009556167084862391
1029.76910196335,-0.0011057402139840631,0.0008019812883258208,-0.0010211033045476239,0.0009080933921191849
1027.8406954053667,-0.0009943777180286477,0.0006953051490883247,-0.000909028393231639,0.0007861417109374638
1025.9122888473833,-0.0008153767890586757,0.0005472729625285741,-0.000736669193290634,0.0006159951342103949
1023.9838822893998,-0.0006082428557470641,0.0003889921500807005,-0.000540781590281059,0.0004324431488234783
1022.0554757314164,-0.00041504904660327486,0.0002507070759371254,-0.00036014859609843626,0.000270370934893882
1020.127069173433,-0.0002703723023448309,0.0001550795118688254,-0.0002261650716878975,0.0001566944789561248
1018.1986626154496,-0.0001924226767658987,0.00011029280781881803,-0.00015462348708229147,0.00010237182209453088
1016.2702560574662,-0.00017714669578197667,0.00010579249140568313,-0.0001406731827873703,9.493800406027752e-05
1014.3418494994828,-0.0001977145085405372,0.00012071377579405613,-0.00015887866279760003,0.00010946270699379789
1012.4134429414994,-0.00021164411879487566,0.00012879766878173935,-0.00016990979897055298,0.0001172216106544807
1010.485036383516,-0.00017471696443770363,0.00010927793314228113,-0.00013321172748292546,9.331400541036285e-05
1008.5566298255326,-5.7119063680226124e-05,9.781895447467175e-05,-2.220715429584265e-05,8.539921259339716e-05
1006.6282232675492,0.00014274813382932826,0.0001989475500220827,0.00016282088234024835,0.00021451759848756144
1004.6998167095658,0.00039271767264517453,0.0003589108546662776,0.00039095104944559227,0.00039931320381800603
1002.7714101515824,0.0006339152082103003,0.0005091800946206235,0.000607891842349977,0.0005718894063295024
1000.843003593599,0.0007984790320943426,0.0005989753912314305,0.0007518190735310743,0.000677085407222205
998.9145970356155,0.0008310830503345667,0.0005931131984468303,0.0007733751563494508,0.0006748912836574954
996.9861904776321,0.0007074876569921927,0.00048160450517917476,0.0006524552432121451,0.0005521133919962199
995.0577839196487,0.0004445920405183782,0.0002856315919211848,0.0004062501617544642,0.0003290286689541246
993.1293773616653,9.785916335932319e-05,9.156125688951156e-05,8.649066535661248e-05,7.991765882808059e-05
991.2009708036819,-0.00025349228172946454,0.00023157553541792184,-0.00023390559527732149,0.00024231399212921854
989.2725642456985,-0.0005287248812775496,0.00039852533023484505,-0.00048153340329377286,0.0004411185271686188
987.3441576877151,-0.0006679663943452527,0.0004720096253707314,-0.0006033223862781265,0.0005315183539456327
985.4157511297317,-0.0006482759043264018,0.00043921995323992344,-0.0005806849377168446,0.000498460259589821
983.4873445717483,-0.0004881160577490476,0.0003202368443113048,-0.0004326849331909804,0.0003620285245285991
981.5589380137649,-0.00023832352234302973,0.00016767314897684181,-0.00020694553305311173,0.00017456107487375365
979.6305314557815,3.60452436750268e-05,0.00013722909062941865,3.739500186628013e-05,0.00012011805951128226
977.7021248977981,0.00027569661358691644,0.00025477153657934307,0.0002477016988850463,0.00027090705457391535
975.7737183398146,0.00044185801094399907,0.00034832631290805357,0.0003908160143631412,0.00038639821225478274
973.8453117818312,0.0005218892669558162,0.00038841784707880343,0.0004574836919700886,0.0004377695090071314
971.9169052238478,0.0005261351990300788,0.00038055324947153756,0.00045861890596321454,0.0004324163770356678
969.9884986658644,0.00047874314028072633,0.00034044683078209606,0.0004166514782979079,0.0003890192248070522
968.060092107881,0.0004067418291780871,0.0002856114926569496,0.00035571208960816653,0.00032812125452705103
966.1316855498976,0.0003318157037310842,0.0002301652298467311,0.00029403481582828523,0.0002660746604454291
964.2032789919142,0.00026658806080206895,0.00018216867352034512,0.00024114555156609232,0.00021249420782588479
962.2748724339308,0.00021506447732786964,0.00014421008860875199,0.00019930881874362423,0.00017053012866471322
960.3464658759474,0.00017597700207689225,0.00011587105213725491,0.0001666246661214974,0.00013892390688200127
958.418059317964,0.00014640201843284882,9.553331617259823e-05,0.0001402479967516084,0.00011481407081394516
956.4896527599806,0.00012386458943830392,8.10551554309786e-05,0.00011850359068577141,9.600842385566153e-05
954.5612462019972,0.00010686847311528525,7.04576233186669e-05,0.00010103121617115106,8.161493911075044e-05
952.6328396440138,9.462699211680361e-05,6.291283062705857e-05,8.821961302984557e-05,7.146565464171803e-05
950.7044330860303,8.700277574724592e-05,5.871639261913824e-05,8.085525265097742e-05,6.57207746900298e-05
948.7760265280469,8.452899591799927e-05,5.814361411978304e-05,7.954025779655522e-05,6.48474429669887e-05
946.8476199700635,8.781923857593998e-05,6.0990592003571826e-05,8.420303108546728e-05,6.918113525343324e-05
944.9192134120801,9.679154007371173e-05,6.706860099288494e-05,9.40914069314757e-05,7.816342096416505e-05
942.9908068540967,0.00011011581399464138,7.602486099573725e-05,0.00010757593226850149,9.018145850207922e-05
941.0624002961133,0.0001251864921785497,8.649011059267324e-05,0.00012193377358669591,0.00010294106184047736
939.1339937381299,0.0001389742130358843,9.649201762539074e-05,0.00013406897366945265,0.00011379685478631769
937.2055871801465,0.00014830190810223034,0.00010389689434347381,0.0001410149978126983,0.00011996725651415718
935.2771806221631,0.0001496571941573041,0.00010590876079043299,0.00013970737333479205,0.00011898229911023904
933.3487740641797,0.00014004300823494283,9.9874254204436e-05,0.0001276396413570109,0.00010896794584056955
931.4203675061963,0.00011786384851985236,8.457970546140948e-05,0.00010397091340547728,8.884511022215e-05
929.4919609482129,8.343500046118117e-05,6.087562989655433e-05,6.987871566916542e-05,5.971401481090719e-05
927.5635543902295,3.968295327922133e-05,3.236593367108209e-05,2.8514733411231664e-05,2.808918041918076e-05
925.635147832246,-7.927078273519463e-06,1.7021066952577138e-05,-1.530658190634908e-05,2.7601879247791655e-05
923.7067412742626,-5.2756632591597074e-05,4.116219559783691e-05,-5.565277204533471e-05,5.666541592006624e-05
921.7783347162792,-8.824684723965866e-05,6.583555822435878e-05,-8.63698547331759e-05,8.140427840812821e-05
919.8499281582958,-0.00010895781109998643,8.034764584458613e-05,-0.00010282535387296197,9.497608037370051e-05
917.9215216003124,-0.00011215680550456403,8.222952511895341e-05,-0.00010338855875883456,9.504269268689703e-05
915.993115042329,-9.888037678179244e-05,7.252392309320201e-05,-8.966071417299356e-05,8.268654669053126e-05
914.0647084843456,-7.411837133828011e-05,5.4990507835606284e-05,-6.652132333098324e-05,6.221507231471953e-05
912.1363019263622,-4.593657054372495e-05,3.5551764506602e-05,-4.134592990134348e-05,3.9992981768148175e-05
910.2078953683788,-4.593657054374338e-05,3.555176450661488e-05,-4.13459299013604e-05,3.9992981768161985e-05
908.2794888103954,-4.593657054374338e-05,3.555176450661488e-05,-4.13459299013604e-05,3.9992981768161985e-05
906.351082252412,-4.593657054374338e-05,3.555176450661488e-05,-4.13459299013604e-05,3.9992981768161985e-05
904.4226756944286,-4.593657054374338e-05,3.555176450661488e-05,-4.13459299013604e-05,3.9992981768161985e-05
902.4942691364452,-4.593657054374338e-05,3.555176450661488e-05,-4.13459299013604e-05,3.9992981768161985e-05
900.5658625784617,-4.593657054374338e-05,3.555176450661488e-05,-4.13459299013604e-05,3.9992981768161985e-05
